time,title,url,press
2021-06-16 20:06:02.087773,"日정부, 韓 법원 '한국내 재산 공개' 명령에 불응 시사",https://news.v.daum.net/v/20210616152851459,아시아경제
2021-06-16 20:06:02.087770,'유통망+e커머스 노하우' 시너지 기대..'승자의 저주' 우려도,https://news.v.daum.net/v/20210616183227619,파이낸셜뉴스
2021-06-16 20:06:02.087766,노동자 추락사에 또 '집행유예'..멀고 먼 책임자 처벌,https://news.v.daum.net/v/20210616195812621,MBC
2021-06-16 20:06:02.087750,"與, 경선일정 현행유지 무게..'흥행' 경선룰 요구 분출",https://news.v.daum.net/v/20210616200331747,연합뉴스
2021-06-16 19:36:01.740731,"日정부, 韓 법원 '한국내 재산 공개' 명령에 불응 시사",https://news.v.daum.net/v/20210616152851459,아시아경제
2021-06-16 19:36:01.740726,'유통망+e커머스 노하우' 시너지 기대..'승자의 저주' 우려도,https://news.v.daum.net/v/20210616183227619,파이낸셜뉴스
2021-06-16 19:36:01.740719,"현대산업개발 본사 압수수색..경찰 ""하도급 불법 확인""",https://news.v.daum.net/v/20210616192719933,KBS
2021-06-16 19:36:01.740669,"이준석, '사무총장 내정' 한기호에 ""군인 출신 가장 공명정대할 것""",https://news.v.daum.net/v/20210616192951971,뉴스1
2021-06-16 19:06:00.742199,"日정부, 韓 법원 '한국내 재산 공개' 명령에 불응 시사",https://news.v.daum.net/v/20210616152851459,아시아경제
2021-06-16 19:06:00.742194,'유통망+e커머스 노하우' 시너지 기대..'승자의 저주' 우려도,https://news.v.daum.net/v/20210616183227619,파이낸셜뉴스
2021-06-16 19:06:00.742187,"'마포 오피스텔 사망 20대' 가족, 지난해 용의자 친구 2명 고소했다",https://news.v.daum.net/v/20210616185045073,경향신문
2021-06-16 19:06:00.742158,"윤석열 측 ""탈진보 품고 압도적 정권 교체"" 反文 빅텐트 꺼냈다",https://news.v.daum.net/v/20210616190109330,서울신문
2021-06-16 18:36:00.204385,"日정부, 韓 법원 '한국내 재산 공개' 명령에 불응 시사",https://news.v.daum.net/v/20210616152851459,아시아경제
2021-06-16 18:36:00.204378,"병사들 앞에서 女중대장에 ""돼지 같은 X"" 모욕한 소대장 보직해임",https://news.v.daum.net/v/20210616182800525,JTBC
2021-06-16 18:36:00.204371,"원세훈 ""사람 죽인 것도 아닌데 너무 잔인""..선처 호소",https://news.v.daum.net/v/20210616183210612,이데일리
2021-06-16 18:36:00.204336,'유통망+e커머스 노하우' 시너지 기대..'승자의 저주' 우려도,https://news.v.daum.net/v/20210616183227619,파이낸셜뉴스
2021-06-16 18:05:59.691231,"日정부, 韓 법원 '한국내 재산 공개' 명령에 불응 시사",https://news.v.daum.net/v/20210616152851459,아시아경제
2021-06-16 18:05:59.691226,"신세계·네이버, 이베이 인수에 '성큼'.. e커머스 업계 지각변동 예고",https://news.v.daum.net/v/20210616174601192,한국일보
2021-06-16 18:05:59.691218,"류호정, 등에 타투 새기고 보라색 드레스로..""타투 자유 보호하라""",https://news.v.daum.net/v/20210616180032701,뉴스1
2021-06-16 18:05:59.691182,'김용익의 단식' 통했나.. 건보공단 고객센터 파업 푼다,https://news.v.daum.net/v/20210616180054714,한국일보
2021-06-16 17:35:59.319689,"日정부, 韓 법원 '한국내 재산 공개' 명령에 불응 시사",https://news.v.daum.net/v/20210616152851459,아시아경제
2021-06-16 17:35:59.319684,코스피 사흘째 최고가 랠리..장중 최고치도 5개월만에 경신,https://news.v.daum.net/v/20210616155412775,연합뉴스
2021-06-16 17:35:59.319677,윤석열 출마 가시화..가족·측근 檢수사 향배도 관심,https://news.v.daum.net/v/20210616172621466,연합뉴스
2021-06-16 17:35:59.319650,"文 ""스페인과 전기·수소차 협력..전략적 동반자로 격상""",https://news.v.daum.net/v/20210616173219722,머니투데이
2021-06-16 17:05:59.079553,"日정부, 韓 법원 '한국내 재산 공개' 명령에 불응 시사",https://news.v.daum.net/v/20210616152851459,아시아경제
2021-06-16 17:05:59.079547,코스피 사흘째 최고가 랠리..장중 최고치도 5개월만에 경신,https://news.v.daum.net/v/20210616155412775,연합뉴스
2021-06-16 17:05:59.079540,"인권위 ""'구치소 코로나 집단감염' 대응 미흡 확인""",https://news.v.daum.net/v/20210616164350923,경향신문
2021-06-16 17:05:59.079507,"이준석 ""갑자기 웬 당명교체""..安 ""입장 바꿔 생각해야지""",https://news.v.daum.net/v/20210616170119524,연합뉴스
2021-06-16 16:35:58.784120,"日정부, 韓 법원 '한국내 재산 공개' 명령에 불응 시사",https://news.v.daum.net/v/20210616152851459,아시아경제
2021-06-16 16:35:58.784113,코스피 사흘째 최고가 랠리..장중 최고치도 5개월만에 경신,https://news.v.daum.net/v/20210616155412775,연합뉴스
2021-06-16 16:35:58.784092,수리 맡겼더니..고객 PC에 랜섬웨어 심어 수억 원 챙긴 수리기사 검거,https://news.v.daum.net/v/20210616162956413,이데일리
2021-06-16 16:35:58.783949,"송영길 ""20년 집권론, 국민눈에 오만하게 비쳐질까 걱정""",https://news.v.daum.net/v/20210616163210518,연합뉴스
2021-06-16 16:05:58.590198,"日정부, 韓 법원 '한국내 재산 공개' 명령에 불응 시사",https://news.v.daum.net/v/20210616152851459,아시아경제
2021-06-16 16:05:58.590192,"서울중앙지검 ""尹 가족 사건, 김오수총장 보고 없이 단독 지휘""",https://news.v.daum.net/v/20210616153732923,조선일보
2021-06-16 16:05:58.590175,코스피 사흘째 최고가 랠리..장중 최고치도 5개월만에 경신,https://news.v.daum.net/v/20210616155412775,연합뉴스
2021-06-16 16:05:58.590137,"靑정무수석 만난 이준석 ""야당을 협치 파트너로 봐달라""",https://news.v.daum.net/v/20210616155809980,아시아경제
2021-06-16 15:35:58.330591,"이준석 ""협치 파트너로 봐달라"" 이철희 ""여야정협의체 가동하자""",https://news.v.daum.net/v/20210616151913962,뉴시스
2021-06-16 15:35:58.330585,"""서울 시내 노숙인 백신접종 29.7%..정보접근성 현저히 낮아""",https://news.v.daum.net/v/20210616152114087,노컷뉴스
2021-06-16 15:35:58.330578,"이마트-네이버, 이베이코리아 인수 유력..이마트 ""통보 안받아""",https://news.v.daum.net/v/20210616152218135,연합뉴스
2021-06-16 15:35:58.330544,"日정부, 韓 법원 '한국내 재산 공개' 명령에 불응 시사",https://news.v.daum.net/v/20210616152851459,아시아경제
2021-06-16 15:05:57.745470,작년 주인 찾은 보험금 3조3000억원..아직 13조 남았다,https://news.v.daum.net/v/20210616142156197,머니투데이
2021-06-16 15:05:57.745464,"""육군 부대 대대장, 소속 병사 아버지까지 군부대 불러 협박""",https://news.v.daum.net/v/20210616142917548,중앙일보
2021-06-16 15:05:57.745456,"국제관계 분수령 미러정상회담..의제도, 의전도 신경전",https://news.v.daum.net/v/20210616143338794,한국일보
2021-06-16 15:05:57.745421,"'황금열쇠' 선물받은 문 대통령 ""코로나 극복의 문 열겠다""",https://news.v.daum.net/v/20210616145534860,경향신문
2021-06-16 14:35:57.387939,작년 주인 찾은 보험금 3조3000억원..아직 13조 남았다,https://news.v.daum.net/v/20210616142156197,머니투데이
2021-06-16 14:35:57.387933,"송영길 ""조국의 시간을 국민의 시간으로..언행일치의 민주당으로""",https://news.v.daum.net/v/20210616142838524,뉴스1
2021-06-16 14:35:57.387927,"""육군 부대 대대장, 소속 병사 아버지까지 군부대 불러 협박""",https://news.v.daum.net/v/20210616142917548,중앙일보
2021-06-16 14:35:57.387897,"국제관계 분수령 미러정상회담..의제도, 의전도 신경전",https://news.v.daum.net/v/20210616143338794,한국일보
2021-06-16 13:43:19.693192,"노동부 ""5~49인 기업, 예정대로 7월 주52시간제 적용""",https://news.v.daum.net/v/20210616122700934,노컷뉴스
2021-06-16 13:43:19.693186,"구치소 밀접접촉 185명이 한 곳서 4시간 대기..인권위 ""경고""",https://news.v.daum.net/v/20210616130920731,중앙일보
2021-06-16 13:43:19.693180,"이준석 ""안철수에 합당선언 제안""..여야정합의체도 '성큼'",https://news.v.daum.net/v/20210616131927950,머니투데이
2021-06-16 13:43:19.693156,"바이든, 대러 압박 강화할수록 중·러 밀착..美 최악 시나리오",https://news.v.daum.net/v/20210616133253223,뉴스1
2021-06-16 12:53:30.025167,"靑 소통수석 ""열린자세로 日의 중요 이웃국 역할할 것""",https://news.v.daum.net/v/20210616121015457,연합뉴스
2021-06-16 12:53:30.025162,푸틴과 첫 회담 나서는 바이든..'정치적 시험대' 주목,https://news.v.daum.net/v/20210616121259569,뉴시스
2021-06-16 12:53:30.025156,"노동부 ""5~49인 기업, 예정대로 7월 주52시간제 적용""",https://news.v.daum.net/v/20210616122700934,노컷뉴스
2021-06-16 12:53:30.025134,"선거법 위반 이상직 의원, 징역 1년4개월·집유 2년..당선무효형",https://news.v.daum.net/v/20210616124603288,한겨레
2021-06-16 12:16:49.308985,"노동부 ""5~49인 기업, 예정대로 7월 주52시간제 적용""",https://news.v.daum.net/v/20210616110301798,노컷뉴스
2021-06-16 12:16:49.308980,"택배노조 이틀째 상경 투쟁..경찰 ""위법행위 엄정대응""",https://news.v.daum.net/v/20210616120919410,노컷뉴스
2021-06-16 12:16:49.308974,"靑 소통수석 ""열린자세로 日의 중요 이웃국 역할할 것""",https://news.v.daum.net/v/20210616121015457,연합뉴스
2021-06-16 12:16:49.308953,푸틴과 첫 회담 나서는 바이든..'정치적 시험대' 주목,https://news.v.daum.net/v/20210616121259569,뉴시스
2021-06-16 11:46:49.017200,"노동부 ""5~49인 기업, 예정대로 7월 주52시간제 적용""",https://news.v.daum.net/v/20210616110301798,노컷뉴스
2021-06-16 11:46:49.017195,"바이든 '푸틴 지각' 원천봉쇄..도착순서 바꾸고, 기자회견도 따로",https://news.v.daum.net/v/20210616113019382,문화일보
2021-06-16 11:46:49.017189,"어제 '입당 시간표' 호응한 윤석열, 오늘은 중도 확장 '숨고르기'",https://news.v.daum.net/v/20210616114010994,아시아경제
2021-06-16 11:46:49.017161,"""조직적 선거 범죄""..이상직 1심 집행유예 2년 '당선무효형'",https://news.v.daum.net/v/20210616114121103,연합뉴스
2021-06-16 11:16:48.737314,"노동부 ""5~49인 기업, 예정대로 7월 주52시간제 적용""",https://news.v.daum.net/v/20210616110301798,노컷뉴스
2021-06-16 11:16:48.737308,선거법 위반 혐의 이상직 의원 실형..21대 국회 첫 사례,https://news.v.daum.net/v/20210616110607989,서울신문
2021-06-16 11:16:48.737302,"'수술실 CCTV' 신중론 이준석에..與 ""아연실색"" 맹공",https://news.v.daum.net/v/20210616111323392,뉴시스
2021-06-16 11:16:48.737270,바이든·푸틴 첫 정상회담 앞두고 중·러 밀착 과시,https://news.v.daum.net/v/20210616111417428,연합뉴스
2021-06-16 10:29:29.208892,중부 맑고 남부 비소식..서울 등 한낮 자외선 주의,https://news.v.daum.net/v/20210616084917304,뉴시스
2021-06-16 10:29:29.208886,'백신의 힘' 미국 곳곳 경제 재개..팬데믹 15개월만에 정상화,https://news.v.daum.net/v/20210616094307655,연합뉴스
2021-06-16 10:29:29.208879,"공모자금 역대 최대 크래프톤, 7월 코스피 상장 본격화",https://news.v.daum.net/v/20210616095349117,뉴시스
2021-06-16 10:29:29.208846,"김정은, 식량난 인정 ""인민 식량 형편 긴장해지고 있다""",https://news.v.daum.net/v/20210616102545797,아시아경제
2021-06-16 09:59:28.869360,중부 맑고 남부 비소식..서울 등 한낮 자외선 주의,https://news.v.daum.net/v/20210616084917304,뉴시스
2021-06-16 09:59:28.869356,'백신의 힘' 미국 곳곳 경제 재개..팬데믹 15개월만에 정상화,https://news.v.daum.net/v/20210616094307655,연합뉴스
2021-06-16 09:59:28.869353,"공모자금 역대 최대 크래프톤, 7월 코스피 상장 본격화",https://news.v.daum.net/v/20210616095349117,뉴시스
2021-06-16 09:59:28.869243,"""한국보고 배웠다"" 文대통령, 스페인서 '황금열쇠' 받고 국왕만찬",https://news.v.daum.net/v/20210616095503186,시사저널
2021-06-16 09:29:28.532927,"""中 인권탄압 책임져라..北 제재체제 실행해야""",https://news.v.daum.net/v/20210616052641117,아시아경제
2021-06-16 09:29:28.532921,"'광주 건물 참사' 개입 의혹 조폭 출신, 이미 미국으로 떴다",https://news.v.daum.net/v/20210616085719563,파이낸셜뉴스
2021-06-16 09:29:28.532914,"김부겸 총리 ""7월부터 거리두기 개편..일상에 큰 변화 있을 것""",https://news.v.daum.net/v/20210616090645971,머니투데이
2021-06-16 09:29:28.532882,"김 총리 ""백신 1차 접종 1300만명 넘어..고령층 확진자 급감""",https://news.v.daum.net/v/20210616091112182,이데일리
2021-06-16 08:59:28.220402,"이스타항공 인수전, 쌍방울로 기우나..성정 추가 베팅 관건",https://news.v.daum.net/v/20210616083013791,뉴시스
2021-06-16 08:59:28.220396,'푸틴에 놀아날라'..회담장소 입장 푸틴 먼저·기자회견도 따로,https://news.v.daum.net/v/20210616083709014,연합뉴스
2021-06-16 08:59:28.220389,중부 맑고 남부 비소식..서울 등 한낮 자외선 주의,https://news.v.daum.net/v/20210616084917304,뉴시스
2021-06-16 08:59:28.220352,국왕 롤스로이스에 기마대 의전..웅장한 스페인의 환대,https://news.v.daum.net/v/20210616085105354,서울신문
2021-06-16 08:29:27.917034,"캘리포니아·뉴욕, 방역규제 대폭 해제..백신접종에 정상화 성큼",https://news.v.daum.net/v/20210616060308594,연합뉴스
2021-06-16 08:29:27.917028,전국 대체로 흐리고 곳곳 빗방울..낮 30도 안팎 더위,https://news.v.daum.net/v/20210616063151947,뉴스1
2021-06-16 08:29:27.917020,"김정은, 노동당 전원회의 주재..'국제정세 대응 방향' 논의 예고",https://news.v.daum.net/v/20210616075601099,서울신문
2021-06-16 08:29:27.916974,"코인빗, 8종 코인 상폐.. 업비트發 거래소 '잡코인' 정리 계속",https://news.v.daum.net/v/20210616080912358,조선비즈
2021-06-16 07:59:27.578435,"캘리포니아·뉴욕, 방역규제 대폭 해제..백신접종에 정상화 성큼",https://news.v.daum.net/v/20210616060308594,연합뉴스
2021-06-16 07:59:27.578424,'다윗'과 '골리앗'의 대결..폭풍 성장 밀키트 시장 승자는,https://news.v.daum.net/v/20210616062001794,한경비즈니스
2021-06-16 07:59:27.578417,전국 대체로 흐리고 곳곳 빗방울..낮 30도 안팎 더위,https://news.v.daum.net/v/20210616063151947,뉴스1
2021-06-16 07:59:27.578250,"김정은, 노동당 전원회의 주재..'국제정세 대응 방향' 논의 예고",https://news.v.daum.net/v/20210616075601099,서울신문
2021-06-16 07:29:27.301532,"캘리포니아·뉴욕, 방역규제 대폭 해제..백신접종에 정상화 성큼",https://news.v.daum.net/v/20210616060308594,연합뉴스
2021-06-16 07:29:27.301527,'다윗'과 '골리앗'의 대결..폭풍 성장 밀키트 시장 승자는,https://news.v.daum.net/v/20210616062001794,한경비즈니스
2021-06-16 07:29:27.301520,전국 대체로 흐리고 곳곳 빗방울..낮 30도 안팎 더위,https://news.v.daum.net/v/20210616063151947,뉴스1
2021-06-16 07:29:27.301494,"김정은 ""식량형편 긴장""..당 전원회의서 국제정세 대응결정 예고",https://news.v.daum.net/v/20210616071610540,연합뉴스
2021-06-16 06:59:27.085715,"캘리포니아·뉴욕, 방역규제 대폭 해제..백신접종에 정상화 성큼",https://news.v.daum.net/v/20210616060308594,연합뉴스
2021-06-16 06:59:27.085710,'다윗'과 '골리앗'의 대결..폭풍 성장 밀키트 시장 승자는,https://news.v.daum.net/v/20210616062001794,한경비즈니스
2021-06-16 06:59:27.085703,전국 대체로 흐리고 곳곳 빗방울..낮 30도 안팎 더위,https://news.v.daum.net/v/20210616063151947,뉴스1
2021-06-16 06:59:27.085670,"스페인 방문한 문 대통령 ""권위주의 극복하고 경제발전, 한국과 닮았다""",https://news.v.daum.net/v/20210616065243154,조선일보
2021-06-16 06:29:26.589210,"文대통령 ""교황님 방북, 그날이 곧 올것으로 기대한다""",https://news.v.daum.net/v/20210616053002136,머니투데이
2021-06-16 06:29:26.589203,"캘리포니아·뉴욕, 방역규제 대폭 해제..백신접종에 정상화 성큼",https://news.v.daum.net/v/20210616060308594,연합뉴스
2021-06-16 06:29:26.589192,"서울 교통사고 사망자 12%↓, 10만명 당 2.3명..사고 집계 이후 '최저'",https://news.v.daum.net/v/20210616060420623,아시아경제
2021-06-16 06:29:26.589152,'다윗'과 '골리앗'의 대결..폭풍 성장 밀키트 시장 승자는,https://news.v.daum.net/v/20210616062001794,한경비즈니스
2021-06-16 05:59:26.275604,광주 붕괴 공사 수주 개입 의혹 前5·18단체 회장 미국으로 도주,https://news.v.daum.net/v/20210616050632897,서울신문
2021-06-16 05:59:26.275599,내가 언택트株 왕 이로소이다,https://news.v.daum.net/v/20210616050707932,서울신문
2021-06-16 05:59:26.275592,"""中 인권탄압 책임져라..北 제재체제 실행해야""",https://news.v.daum.net/v/20210616052641117,아시아경제
2021-06-16 05:59:26.275560,"文대통령 ""교황님 방북, 그날이 곧 올것으로 기대한다""",https://news.v.daum.net/v/20210616053002136,머니투데이
2021-06-16 05:29:25.796677,광주 붕괴 공사 수주 개입 의혹 前5·18단체 회장 미국으로 도주,https://news.v.daum.net/v/20210616050632897,서울신문
2021-06-16 05:29:25.796672,내가 언택트株 왕 이로소이다,https://news.v.daum.net/v/20210616050707932,서울신문
2021-06-16 05:29:25.796665,"이준석""정치 희화화"" vs 이재명 ""달라진 게 없어 실망""",https://news.v.daum.net/v/20210616052145092,국민일보
2021-06-16 05:29:25.796630,"""中 인권탄압 책임져라..北 제재체재 실행해야""",https://news.v.daum.net/v/20210616052641117,아시아경제
2021-06-16 04:59:25.411056,"동거 친구들 감금·학대로 숨진 20대男..""몸무게 고작 34kg""",https://news.v.daum.net/v/20210616001010199,이데일리
2021-06-16 04:59:25.411051,"""탈탄소 바람이 오히려 유가를 올린다""",https://news.v.daum.net/v/20210616043802498,머니투데이
2021-06-16 04:59:25.411044,"文 ""큐어백, 한국을 아시아·태평양 거점으로 고려해달라""",https://news.v.daum.net/v/20210616044501543,머니투데이
2021-06-16 04:59:25.411012,"미·EU, 정상회의 공동성명서 러·中 공동 대응 천명",https://news.v.daum.net/v/20210616045616659,뉴시스
2021-06-16 04:29:24.992145,구도심 경기 침체 '야간'이 더욱 심각,https://news.v.daum.net/v/20210616000528146,KBS
2021-06-16 04:29:24.992139,"동거 친구들 감금·학대로 숨진 20대男..""몸무게 고작 34kg""",https://news.v.daum.net/v/20210616001010199,이데일리
2021-06-16 04:29:24.992132,"바이든-푸틴 정상회담, 식사도 없이 최대 5시간 예정",https://news.v.daum.net/v/20210616025716452,뉴스1
2021-06-16 04:29:24.992089,"이낙연 ""한 달에 4만원씩 주자는 기본소득 요란한 토론거리 되겠는가""",https://news.v.daum.net/v/20210616040312225,국민일보
2021-06-16 03:59:24.506227,구도심 경기 침체 '야간'이 더욱 심각,https://news.v.daum.net/v/20210616000528146,KBS
2021-06-16 03:59:24.506221,"동거 친구들 감금·학대로 숨진 20대男..""몸무게 고작 34kg""",https://news.v.daum.net/v/20210616001010199,이데일리
2021-06-16 03:59:24.506215,"文 ""가톨릭으로 높은 윤리의식 지켜..교황 방북, 그날 기대""",https://news.v.daum.net/v/20210616002602320,서울신문
2021-06-16 03:59:24.506181,"바이든-푸틴 정상회담, 식사도 없이 최대 5시간 예정",https://news.v.daum.net/v/20210616025716452,뉴스1
2021-06-16 03:29:24.054031,구도심 경기 침체 '야간'이 더욱 심각,https://news.v.daum.net/v/20210616000528146,KBS
2021-06-16 03:29:24.054026,"동거 친구들 감금·학대로 숨진 20대男..""몸무게 고작 34kg""",https://news.v.daum.net/v/20210616001010199,이데일리
2021-06-16 03:29:24.054019,"文 ""가톨릭으로 높은 윤리의식 지켜..교황 방북, 그날 기대""",https://news.v.daum.net/v/20210616002602320,서울신문
2021-06-16 03:29:24.053983,"바이든-푸틴 정상회담, 식사도 없이 최대 5시간 예정",https://news.v.daum.net/v/20210616025716452,뉴스1
2021-06-16 02:59:23.897849,구도심 경기 침체 '야간'이 더욱 심각,https://news.v.daum.net/v/20210616000528146,KBS
2021-06-16 02:59:23.897843,"동거 친구들 감금·학대로 숨진 20대男..""몸무게 고작 34kg""",https://news.v.daum.net/v/20210616001010199,이데일리
2021-06-16 02:59:23.897837,"文 ""가톨릭으로 높은 윤리의식 지켜..교황 방북, 그날 기대""",https://news.v.daum.net/v/20210616002602320,서울신문
2021-06-16 02:59:23.897796,"바이든-푸틴 정상회담, 식사도 없이 최대 5시간 예정",https://news.v.daum.net/v/20210616025716452,뉴스1
2021-06-16 02:29:23.401770,구도심 경기 침체 '야간'이 더욱 심각,https://news.v.daum.net/v/20210616000528146,KBS
2021-06-16 02:29:23.401765,"동거 친구들 감금·학대로 숨진 20대男..""몸무게 고작 34kg""",https://news.v.daum.net/v/20210616001010199,이데일리
2021-06-16 02:29:23.401758,"文 ""가톨릭으로 높은 윤리의식 지켜..교황 방북, 그날 기대""",https://news.v.daum.net/v/20210616002602320,서울신문
2021-06-16 02:29:23.401718,"미국·EU, 중국 문제 ""우려""..러시아·백신·기술문제 협력 약속",https://news.v.daum.net/v/20210616015753019,연합뉴스
2021-06-16 01:59:22.874274,올핸 시급 표기도 못 정해..속도 못 내는 내년 최저임금 심의,https://news.v.daum.net/v/20210615200938272,서울경제
2021-06-16 01:59:22.874267,"동거 친구들 감금·학대로 숨진 20대男..""몸무게 고작 34kg""",https://news.v.daum.net/v/20210616001010199,이데일리
2021-06-16 01:59:22.874260,"文 ""가톨릭으로 높은 윤리의식 지켜..교황 방북, 그날 기대""",https://news.v.daum.net/v/20210616002602320,서울신문
2021-06-16 01:59:22.874154,"미국·EU, 중국 문제 ""우려""..러시아·백신·기술문제 협력 약속",https://news.v.daum.net/v/20210616015753019,연합뉴스
2021-06-16 01:29:22.157228,올핸 시급 표기도 못 정해..속도 못 내는 내년 최저임금 심의,https://news.v.daum.net/v/20210615200938272,서울경제
2021-06-16 01:29:22.157224,"동거 친구들 감금·학대로 숨진 20대男..""몸무게 고작 34kg""",https://news.v.daum.net/v/20210616001010199,이데일리
2021-06-16 01:29:22.157220,"文 ""가톨릭으로 높은 윤리의식 지켜..교황 방북, 그날 기대""",https://news.v.daum.net/v/20210616002602320,서울신문
2021-06-16 01:29:22.157191,"美 ""코로나 첫 확진자, 재작년 12월""..공식발표보다 한달 빨라",https://news.v.daum.net/v/20210616012541756,조선비즈
2021-06-16 00:59:20.821256,올핸 시급 표기도 못 정해..속도 못 내는 내년 최저임금 심의,https://news.v.daum.net/v/20210615200938272,서울경제
2021-06-16 00:59:20.821253,G7·나토·EU까지 '중국 3중 포위망'..바이든의 큰 그림 완성,https://news.v.daum.net/v/20210616000451127,중앙일보
2021-06-16 00:59:20.821248,"동거 친구들 감금·학대로 숨진 20대男..""몸무게 고작 34kg""",https://news.v.daum.net/v/20210616001010199,이데일리
2021-06-16 00:59:20.821226,"文 ""가톨릭으로 높은 윤리의식 지켜..교황 방북, 그날 기대""",https://news.v.daum.net/v/20210616002602320,서울신문
2021-06-16 00:29:19.347472,올핸 시급 표기도 못 정해..속도 못 내는 내년 최저임금 심의,https://news.v.daum.net/v/20210615200938272,서울경제
2021-06-16 00:29:19.347467,G7·나토·EU까지 '중국 3중 포위망'..바이든의 큰 그림 완성,https://news.v.daum.net/v/20210616000451127,중앙일보
2021-06-16 00:29:19.347456,"동거 친구들 감금·학대로 숨진 20대男..""몸무게 고작 34kg""",https://news.v.daum.net/v/20210616001010199,이데일리
2021-06-16 00:29:19.347394,"文 ""가톨릭으로 높은 윤리의식 지켜..교황 방북, 그날 기대""",https://news.v.daum.net/v/20210616002602320,서울신문
2021-06-15 23:59:18.741838,"중국, 나토에 ""우리는 방어적..중국위협론 과장 말라""",https://news.v.daum.net/v/20210615180352421,연합뉴스
2021-06-15 23:59:18.741834,올핸 시급 표기도 못 정해..속도 못 내는 내년 최저임금 심의,https://news.v.daum.net/v/20210615200938272,서울경제
2021-06-15 23:59:18.741830,나체로 발견된 피해남성 몸무게 34kg.. 친구 가두고 가혹행위로 숨지게 한 20대 2명 '구속',https://news.v.daum.net/v/20210615220638676,세계일보
2021-06-15 23:59:18.741808,"이준석, '수술실 CCTV법 공세' 이재명에 ""여론조사 정치"" 직격",https://news.v.daum.net/v/20210615232810804,뉴시스
2021-06-15 23:29:18.110993,"중국, 나토에 ""우리는 방어적..중국위협론 과장 말라""",https://news.v.daum.net/v/20210615180352421,연합뉴스
2021-06-15 23:29:18.110988,올핸 시급 표기도 못 정해..속도 못 내는 내년 최저임금 심의,https://news.v.daum.net/v/20210615200938272,서울경제
2021-06-15 23:29:18.110983,나체로 발견된 피해남성 몸무게 34kg.. 친구 가두고 가혹행위로 숨지게 한 20대 2명 '구속',https://news.v.daum.net/v/20210615220638676,세계일보
2021-06-15 23:29:18.110956,"文대통령 ""우리는 생각보다 세계에서 훨씬 높은 평가 받아""",https://news.v.daum.net/v/20210615231157631,아시아경제
2021-06-15 22:59:17.780709,"중국, 나토에 ""우리는 방어적..중국위협론 과장 말라""",https://news.v.daum.net/v/20210615180352421,연합뉴스
2021-06-15 22:59:17.780703,올핸 시급 표기도 못 정해..속도 못 내는 내년 최저임금 심의,https://news.v.daum.net/v/20210615200938272,서울경제
2021-06-15 22:59:17.780697,나체로 발견된 피해남성 몸무게 34kg.. 친구 가두고 가혹행위로 숨지게 한 20대 2명 '구속',https://news.v.daum.net/v/20210615220638676,세계일보
2021-06-15 22:59:17.780674,"문대통령 ""오스트리아 힘은 분단 위기 극복한 중립국에""",https://news.v.daum.net/v/20210615225101425,서울신문
2021-06-15 22:29:17.581409,"중국, 나토에 ""우리는 방어적..중국위협론 과장 말라""",https://news.v.daum.net/v/20210615180352421,연합뉴스
2021-06-15 22:29:17.581403,올핸 시급 표기도 못 정해..속도 못 내는 내년 최저임금 심의,https://news.v.daum.net/v/20210615200938272,서울경제
2021-06-15 22:29:17.581397,"김 총리 ""2030 온실가스 감축 목표 상향, 韓기업 적극 동참""",https://news.v.daum.net/v/20210615210829539,뉴시스
2021-06-15 22:29:17.581377,나체로 발견된 피해남성 몸무게 34kg.. 친구 가두고 가혹행위로 숨지게 한 20대 2명 '구속',https://news.v.daum.net/v/20210615220638676,세계일보
2021-06-15 21:59:17.119582,"중국, 나토에 ""우리는 방어적..중국위협론 과장 말라""",https://news.v.daum.net/v/20210615180352421,연합뉴스
2021-06-15 21:59:17.119576,올핸 시급 표기도 못 정해..속도 못 내는 내년 최저임금 심의,https://news.v.daum.net/v/20210615200938272,서울경제
2021-06-15 21:59:17.119568,"파업 실마리 풀리나.. 택배노조 ""물류인력 투입은 '수용 가능', 노동시간 단축은 '난관'""",https://news.v.daum.net/v/20210615204608003,세계일보
2021-06-15 21:59:17.119535,"김 총리 ""2030 온실가스 감축 목표 상향, 韓기업 적극 동참""",https://news.v.daum.net/v/20210615210829539,뉴시스
2021-06-15 21:29:16.771567,"중국, 나토에 ""우리는 방어적..중국위협론 과장 말라""",https://news.v.daum.net/v/20210615180352421,연합뉴스
2021-06-15 21:29:16.771560,올핸 시급 표기도 못 정해..속도 못 내는 내년 최저임금 심의,https://news.v.daum.net/v/20210615200938272,서울경제
2021-06-15 21:29:16.771551,"택배노조 ""분류인력 투입시기 일부 진전""..파업 중단 가능할까",https://news.v.daum.net/v/20210615203654832,뉴스1
2021-06-15 21:29:16.771511,"김 총리 ""2030 온실가스 감축 목표 상향, 韓기업 적극 동참""",https://news.v.daum.net/v/20210615210829539,뉴시스
2021-06-15 20:59:16.423679,"日 ""도쿄올림픽 맞춰 문대통령 방일?..사실아냐""",https://news.v.daum.net/v/20210615191500063,머니투데이
2021-06-15 20:59:16.423673,"한국, 2024∼25년 유엔 안보리 비상임이사국 도전..""아직 경쟁국 없어""",https://news.v.daum.net/v/20210615192512327,MBC
2021-06-15 20:59:16.423667,올핸 시급 표기도 못 정해..속도 못 내는 내년 최저임금 심의,https://news.v.daum.net/v/20210615200938272,서울경제
2021-06-15 20:59:16.423640,"파업 실마리 풀리나.. 택배노조 ""물류인력 투입은 '수용 가능', 노동시간 단축은 '난관'""",https://news.v.daum.net/v/20210615204608003,세계일보
2021-06-15 20:29:16.220671,"日 ""도쿄올림픽 맞춰 문대통령 방일?..사실아냐""",https://news.v.daum.net/v/20210615191500063,머니투데이
2021-06-15 20:29:16.220665,"한국, 2024∼25년 유엔 안보리 비상임이사국 도전..""아직 경쟁국 없어""",https://news.v.daum.net/v/20210615192512327,MBC
2021-06-15 20:29:16.220659,올핸 시급 표기도 못 정해..속도 못 내는 내년 최저임금 심의,https://news.v.daum.net/v/20210615200938272,서울경제
2021-06-15 20:29:16.220637,"세월호특검, 유가족에 ""필요하면 대통령기록물 압수수색""",https://news.v.daum.net/v/20210615201737453,뉴스1
2021-06-15 19:59:15.750697,매파색 짙어진 금통위..금리인상 빨라지나,https://news.v.daum.net/v/20210615190203689,뉴시스
2021-06-15 19:59:15.750692,"박범계 ""법률 플랫폼 '로톡' 변호사법 위반 아냐""",https://news.v.daum.net/v/20210615191036961,연합뉴스
2021-06-15 19:59:15.750685,"日 ""도쿄올림픽 맞춰 문대통령 방일?..사실아냐""",https://news.v.daum.net/v/20210615191500063,머니투데이
2021-06-15 19:59:15.750652,"한국, 2024∼25년 유엔 안보리 비상임이사국 도전..""아직 경쟁국 없어""",https://news.v.daum.net/v/20210615192512327,MBC
2021-06-15 19:29:15.433323,매파색 짙어진 금통위..금리인상 빨라지나,https://news.v.daum.net/v/20210615190203689,뉴시스
2021-06-15 19:29:15.433318,"박범계 ""법률 플랫폼 '로톡' 변호사법 위반 아냐""",https://news.v.daum.net/v/20210615191036961,연합뉴스
2021-06-15 19:29:15.433312,"日 ""도쿄올림픽 맞춰 문대통령 방일?..사실아냐""",https://news.v.daum.net/v/20210615191500063,머니투데이
2021-06-15 19:29:15.433293,"한국, 2024∼25년 유엔 안보리 비상임이사국 도전..""아직 경쟁국 없어""",https://news.v.daum.net/v/20210615192512327,MBC
2021-06-15 18:59:14.976106,"중국, 나토에 ""우리는 방어적..중국위협론 과장 말라""",https://news.v.daum.net/v/20210615180352421,연합뉴스
2021-06-15 18:59:14.976102,"금통위원 상당수 ""기준금리 점진적 정상화 필요""",https://news.v.daum.net/v/20210615181547726,KBS
2021-06-15 18:59:14.976094,"'조건부 이첩' 검· 공 갈등, 법원 ""검찰의 이규원 기소 적법하다""",https://news.v.daum.net/v/20210615184656354,한국일보
2021-06-15 18:59:14.975255,이번엔 '올림픽 訪日' 공방.. 한·일 정상 만남 신경전 지속,https://news.v.daum.net/v/20210615185258465,세계일보
2021-06-15 18:29:14.568379,"한은 금통위원 4인 ""통화정책 완화적 기조 조정해야""",https://news.v.daum.net/v/20210615174615865,뉴스1
2021-06-15 18:29:14.568374,"중국, 나토에 ""우리는 방어적..중국위협론 과장 말라""",https://news.v.daum.net/v/20210615180352421,연합뉴스
2021-06-15 18:29:14.568368,'4명 모임 이제 그만' 개편 20일 발표인데.. 문건 또 유출,https://news.v.daum.net/v/20210615182451937,국민일보
2021-06-15 18:29:14.568338,"與 ""국힘, '감사원 의뢰쇼' 하더니 권익위 요청서 달랑 1장""",https://news.v.daum.net/v/20210615182502940,연합뉴스
2021-06-15 17:59:13.035302,"""완벽한 무대 위해"".. 뮤지컬 '비틀쥬스' 개막 연기",https://news.v.daum.net/v/20210615172602053,서울신문
2021-06-15 17:59:13.035294,"하태경 ""민심이 시대교체 요구""..야당 의원 첫 대선 출마 선언",https://news.v.daum.net/v/20210615172614064,한겨레
2021-06-15 17:59:13.035287,"금통위원 상당수가 ""통화정책·기준금리 점진적 정상화 필요""",https://news.v.daum.net/v/20210615174045679,아시아경제
2021-06-15 17:59:13.035244,"법원 ""김학의 불법출국 의혹 기소 적법""",https://news.v.daum.net/v/20210615175616197,경향신문
2021-06-15 17:29:12.706479,고용 빠르게 회복된다 했더니.. 5월 취업자 절반은 초단시간 근로 '알바',https://news.v.daum.net/v/20210615140049739,한국일보
2021-06-15 17:29:12.706474,"""완벽한 무대 위해"".. 뮤지컬 '비틀쥬스' 개막 연기",https://news.v.daum.net/v/20210615172602053,서울신문
2021-06-15 17:29:12.706467,"하태경 ""민심이 시대교체 요구""..야당 의원 첫 대선 출마 선언",https://news.v.daum.net/v/20210615172614064,한겨레
2021-06-15 17:29:12.706445,검찰 손 들어준 법원..공수처 '유보부이첩 주장' 판정패,https://news.v.daum.net/v/20210615172731120,뉴스1
2021-06-15 16:59:12.337816,고용 빠르게 회복된다 했더니.. 5월 취업자 절반은 초단시간 근로 '알바',https://news.v.daum.net/v/20210615140049739,한국일보
2021-06-15 16:59:12.337811,이중사 국선변호사(중위) 피의자로 소환 '신상 유포자도 조사',https://news.v.daum.net/v/20210615165134789,경향신문
2021-06-15 16:59:12.337800,"檢, '이용구 봐주기' 의혹 서초서 前형사과장 소환 조사",https://news.v.daum.net/v/20210615165620940,이데일리
2021-06-15 16:59:12.335198,日 야권 4당이 발의한 스가 내각 불신임안 부결,https://news.v.daum.net/v/20210615165745995,아시아경제
2021-06-15 16:29:12.098914,고용 빠르게 회복된다 했더니.. 5월 취업자 절반은 초단시간 근로 '알바',https://news.v.daum.net/v/20210615140049739,한국일보
2021-06-15 16:29:12.098905,"중국, 나토 '구조적 도전' 문구 반박..""우리 군사력 과장말라""",https://news.v.daum.net/v/20210615161250352,머니투데이
2021-06-15 16:29:12.098898,"전수조사의 정치학..시험대 오른 이준석, 직무회피 택한 전현희",https://news.v.daum.net/v/20210615161803527,시사저널
2021-06-15 16:29:12.098873,"공수처 이첩않고 이규원·차규근 기소..법원 ""적법하다""",https://news.v.daum.net/v/20210615161924579,뉴시스
2021-06-15 15:59:11.830276,고용 빠르게 회복된다 했더니.. 5월 취업자 절반은 초단시간 근로 '알바',https://news.v.daum.net/v/20210615140049739,한국일보
2021-06-15 15:59:11.830273,"바이든 ""푸틴은 똑똑한 적수""..푸틴 ""못 생겼으면 거울 보고 화내지 마""",https://news.v.daum.net/v/20210615142102587,한국경제
2021-06-15 15:59:11.830269,"추미애 ""윤석열, 대권 잡으면 공포정치..검증대 오르면 지지율 다 빠져""",https://news.v.daum.net/v/20210615154010955,뉴시스
2021-06-15 15:59:11.830250,"올해 첫 비브리오패혈증 환자 발생..질병청 ""어패류 익혀 드세요""",https://news.v.daum.net/v/20210615154958463,중앙일보
2021-06-15 15:29:11.416187,고용 빠르게 회복된다 했더니.. 5월 취업자 절반은 초단시간 근로 '알바',https://news.v.daum.net/v/20210615140049739,한국일보
2021-06-15 15:29:11.416183,"""북한도 이렇게 미치진 않았다""..美 대학 비판한 탈북 유학생",https://news.v.daum.net/v/20210615145536944,세계일보
2021-06-15 15:29:11.416177,"성폭력, 성희롱 징계 교사는 최대 10년 담임에서 배제",https://news.v.daum.net/v/20210615150842605,경향신문
2021-06-15 15:29:11.416152,"이인영, 이달말 방미 일정 접었다..성과 가능시기 재추진",https://news.v.daum.net/v/20210615151915154,이데일리
2021-06-15 14:59:10.924228,고용 빠르게 회복된다 했더니.. 5월 취업자 절반은 초단시간 근로 '알바',https://news.v.daum.net/v/20210615140049739,한국일보
2021-06-15 14:59:10.924223,"'친딸 유기치사' 친부, 잠적 후 1년 반 만에 재판서 혐의 부인",https://news.v.daum.net/v/20210615145101747,한국경제
2021-06-15 14:59:10.924216,"""북한도 이렇게 미치진 않았다""..美 대학 비판한 탈북 유학생",https://news.v.daum.net/v/20210615145536944,세계일보
2021-06-15 14:59:10.924194,"안철수 ""양당 통합은 범야권 대통합 시금석""",https://news.v.daum.net/v/20210615145631981,뉴시스
2021-06-15 14:29:10.592175,고용 빠르게 회복된다 했더니.. 5월 취업자 절반은 초단시간 근로 '알바',https://news.v.daum.net/v/20210615140049739,한국일보
2021-06-15 14:29:10.592171,1년7개월만에 나타나 혐의 부인한 친부..친딸 유기치사 사건 재판 재개,https://news.v.daum.net/v/20210615140427891,아시아경제
2021-06-15 14:29:10.592166,"바이든 ""푸틴은 똑똑한 적수""..푸틴 ""못 생겼으면 거울 보고 화내지 마""",https://news.v.daum.net/v/20210615142102587,한국경제
2021-06-15 14:29:10.592143,"김 총리 ""남북, 코로나 협력-이산가족 화상 상봉부터 하자""",https://news.v.daum.net/v/20210615142533767,뉴시스
2021-06-15 13:59:09.829299,"휴일 영향 이틀째 3백 명대..""이르면 오늘 1차 접종 1,300만 달성""",https://news.v.daum.net/v/20210615120414278,YTN
2021-06-15 13:59:09.829292,"""최저임금 1만원 되면 일자리 30만개 사라진다""",https://news.v.daum.net/v/20210615123041792,문화일보
2021-06-15 13:59:09.829283,"한·일 정상회담 불발, 누구 책임인가",https://news.v.daum.net/v/20210615133010812,뉴시스
2021-06-15 13:59:09.829247,해외로 불법반출 될뻔한 비지정 문화재 92점 회수,https://news.v.daum.net/v/20210615135404511,이데일리
2021-06-15 13:29:09.330601,"휴일 영향 이틀째 3백 명대..""이르면 오늘 1차 접종 1,300만 달성""",https://news.v.daum.net/v/20210615120414278,YTN
2021-06-15 13:29:09.330595,"전현희, 국민의힘 전수조사에도 직무회피..""정치편향 오해""",https://news.v.daum.net/v/20210615121844571,중앙일보
2021-06-15 13:29:09.330588,"""최저임금 1만원 되면 일자리 30만개 사라진다""",https://news.v.daum.net/v/20210615123041792,문화일보
2021-06-15 13:29:09.330557,"중국 원전서 누출 신고..운영사 측 ""안전하게 가동 중""",https://news.v.daum.net/v/20210615130901337,한국경제
2021-06-15 12:59:08.874244,"휴일 영향 이틀째 3백 명대..""이르면 오늘 1차 접종 1,300만 달성""",https://news.v.daum.net/v/20210615120414278,YTN
2021-06-15 12:59:08.874239,"전현희, 국민의힘 전수조사에도 직무회피..""정치편향 오해""",https://news.v.daum.net/v/20210615121844571,중앙일보
2021-06-15 12:59:08.874233,"""최저임금 1만원 되면 일자리 30만개 사라진다""",https://news.v.daum.net/v/20210615123041792,문화일보
2021-06-15 12:59:08.874210,"맨손으로 박쥐 연구.. 中 우한연구소 ""미국의 음모""",https://news.v.daum.net/v/20210615123604884,서울신문
2021-06-15 12:29:08.588248,"""육지 쓰레기 바다 유입 차단""..해수부, 여름철 해양쓰레기 피해 최소화",https://news.v.daum.net/v/20210615110033313,뉴시스
2021-06-15 12:29:08.588243,"휴일 영향 이틀째 3백 명대..""이르면 오늘 1차 접종 1,300만 달성""",https://news.v.daum.net/v/20210615120414278,YTN
2021-06-15 12:29:08.588237,"""과기정통부 무리한 지침 소급적용에 중소기업 피해 속출""",https://news.v.daum.net/v/20210615121713545,디지털타임스
2021-06-15 12:29:08.588214,"전현희, 국민의힘 전수조사에도 직무회피..""정치편향 오해""",https://news.v.daum.net/v/20210615121844571,중앙일보
2021-06-15 11:59:07.731322,"""육지 쓰레기 바다 유입 차단""..해수부, 여름철 해양쓰레기 피해 최소화",https://news.v.daum.net/v/20210615110033313,뉴시스
2021-06-15 11:59:07.731319,"노형욱 ""재개발 현장 서류만 법규 준수..현장은 형식적""",https://news.v.daum.net/v/20210615113040885,뉴시스
2021-06-15 11:59:07.731314,"바이든 ""레드라인 분명히"" vs 푸틴 ""자신 들여다보라""..정상회담 목전 기싸움",https://news.v.daum.net/v/20210615114108406,헤럴드경제
2021-06-15 11:59:07.731292,"하태경, 野 첫 대선 출마 선언..""과학·지성이 몰상식·괴담 이기는 대한민국 만들겠다""",https://news.v.daum.net/v/20210615115119772,디지털타임스
2021-06-15 11:29:07.032777,"WHO ""백신 110억 회분 더 필요..G7·G20이 나서야""",https://news.v.daum.net/v/20210615103903019,노컷뉴스
2021-06-15 11:29:07.032773,"""육지 쓰레기 바다 유입 차단""..해수부, 여름철 해양쓰레기 피해 최소화",https://news.v.daum.net/v/20210615110033313,뉴시스
2021-06-15 11:29:07.032769,"서울시, 소상공인 '생애주기별' 지원 나선다..창업~폐업 단계별 맞춤형 지원",https://news.v.daum.net/v/20210615111720213,아시아경제
2021-06-15 11:29:07.032741,"李-尹, 기싸움..""막판 뿅 아냐"" vs ""늦지 않게 선택""",https://news.v.daum.net/v/20210615112545572,뉴시스
2021-06-15 10:59:06.529165,지난달 '주 15시간 미만' 초단시간 근로자 156만명 '역대 최대',https://news.v.daum.net/v/20210615102519217,뉴시스
2021-06-15 10:59:06.529159,"신규확진 374명, 이틀째 300명대..1300만 1차접종 눈앞",https://news.v.daum.net/v/20210615103107528,뉴시스
2021-06-15 10:59:06.529151,"WHO ""백신 110억 회분 더 필요..G7·G20이 나서야""",https://news.v.daum.net/v/20210615103903019,노컷뉴스
2021-06-15 10:59:06.529118,"8월 말까지 입당' 李 압박에..尹 측 ""시간표 다르지 않을 것""",https://news.v.daum.net/v/20210615105720058,아시아경제
2021-06-15 10:29:06.218804,"푸틴, '美 해킹 배후는 러시아' 주장에 ""증거 제시된 적 없어""",https://news.v.daum.net/v/20210615093351698,세계일보
2021-06-15 10:29:06.218795,"휴일 영향 이틀째 3백 명대..""이르면 오늘 1차 접종 1,300만 달성""",https://news.v.daum.net/v/20210615095224559,YTN
2021-06-15 10:29:06.218789,"국방부 ""성추행 피해 女부사관 사망 관련 100명 조사 중""",https://news.v.daum.net/v/20210615101017459,뉴시스
2021-06-15 10:29:06.218761,지난달 '주 15시간 미만' 초단시간 근로자 156만명 '역대 최대',https://news.v.daum.net/v/20210615102519217,뉴시스
2021-06-15 09:59:05.942182,"한경연 ""최저임금 1만원 되면 일자리 30만개 감소""",https://news.v.daum.net/v/20210615060030256,뉴시스
2021-06-15 09:59:05.942177,"푸틴, '美 해킹 배후는 러시아' 주장에 ""증거 제시된 적 없어""",https://news.v.daum.net/v/20210615093351698,세계일보
2021-06-15 09:59:05.942170,"휴일 영향 이틀째 3백 명대..""이르면 오늘 1차 접종 1,300만 달성""",https://news.v.daum.net/v/20210615095224559,YTN
2021-06-15 09:59:05.942140,"尹 대변인 ""윤석열 시간표, 이준석과 상충 안할 것.. 늦지 않게 선택""",https://news.v.daum.net/v/20210615095637724,세계일보
2021-06-15 09:29:05.645287,"한경연 ""최저임금 1만원 되면 일자리 30만개 감소""",https://news.v.daum.net/v/20210615060030256,뉴시스
2021-06-15 09:29:05.645279,"푸틴, 바이든과 회담 앞두고 대미 사이버공격 의혹 부인",https://news.v.daum.net/v/20210615090631588,뉴스1
2021-06-15 09:29:05.645273,"윤석열 측 ""이준석과 尹의 시간표가 상충되진 않을 것""",https://news.v.daum.net/v/20210615091612005,머니투데이
2021-06-15 09:29:05.645240,"중대본 ""오늘 백신 1차 접종자 1300만명 돌파..예정보다 2주 빨라""",https://news.v.daum.net/v/20210615092424307,경향신문
2021-06-15 08:59:05.071110,"한경연 ""최저임금 1만원 되면 일자리 30만개 감소""",https://news.v.daum.net/v/20210615060030256,뉴시스
2021-06-15 08:59:05.071105,"군병원서 '맹물백신' 주사..사용 완료한 백신병에 식염수만 주입, 6명 접종 황당 실수",https://news.v.daum.net/v/20210615070215077,세계일보
2021-06-15 08:59:05.071099,"""'K팝은 악성 암' 김정은 엄포에도..北 여성들 '동무' 대신 '오빠'""",https://news.v.daum.net/v/20210615081025096,파이낸셜뉴스
2021-06-15 08:59:05.071084,"바이든, 살인자 규정에 웃은 푸틴에 ""나도 웃지요..똑똑한 적수""",https://news.v.daum.net/v/20210615084015766,KBS
2021-06-15 08:29:04.836370,"한경연 ""최저임금 1만원 되면 일자리 30만개 감소""",https://news.v.daum.net/v/20210615060030256,뉴시스
2021-06-15 08:29:04.836365,"군병원서 '맹물백신' 주사..사용 완료한 백신병에 식염수만 주입, 6명 접종 황당 실수",https://news.v.daum.net/v/20210615070215077,세계일보
2021-06-15 08:29:04.836358,"""K팝은 악성 암"" 김정은 엄포에도..北 여성들 '동무' 대신 '오빠'""",https://news.v.daum.net/v/20210615081025096,파이낸셜뉴스
2021-06-15 08:29:04.836328,"나토, 中'구조적 도전' 첫 명시..""북 CVID 대미 협상 촉구""",https://news.v.daum.net/v/20210615081328144,아시아경제
2021-06-15 07:59:04.613751,"한경연 ""최저임금 1만원 되면 일자리 30만개 감소""",https://news.v.daum.net/v/20210615060030256,뉴시스
2021-06-15 07:59:04.613745,"'中은 안보 위협' 처음 명시한 나토.. ""국제질서 지켜라""",https://news.v.daum.net/v/20210615070124033,조선비즈
2021-06-15 07:59:04.613739,"군병원서 '맹물백신' 주사..사용 완료한 백신병에 식염수만 주입, 6명 접종 황당 실수",https://news.v.daum.net/v/20210615070215077,세계일보
2021-06-15 07:59:04.613710,'BTS' 언급한 文대통령..오스트리아 총리 회담서 문화 협력 강조,https://news.v.daum.net/v/20210615074846647,동아일보
2021-06-15 07:29:04.062949,"한경연 ""최저임금 1만원 되면 일자리 30만개 감소""",https://news.v.daum.net/v/20210615060030256,뉴시스
2021-06-15 07:29:04.062944,"민경욱, 이준석에 ""이 젊은이, 자신이 대통령 된 줄 아는 듯""",https://news.v.daum.net/v/20210615064228778,머니투데이
2021-06-15 07:29:04.062937,"한일정상회담 불발, 韓 ""日의 일방적 취소"" vs 日 ""사실 무근""",https://news.v.daum.net/v/20210615070140053,뉴스1
2021-06-15 07:29:04.062899,"군병원서 '맹물백신' 주사..사용 완료한 백신병에 식염수만 주입, 6명 접종 황당 실수",https://news.v.daum.net/v/20210615070215077,세계일보
2021-06-15 06:59:03.833789,"한경연 ""최저임금 1만원 되면 일자리 30만개 감소""",https://news.v.daum.net/v/20210615060030256,뉴시스
2021-06-15 06:59:03.833785,존엄사 후 장기이식..3명에게 새 삶 선물한 50대 환자,https://news.v.daum.net/v/20210615063846731,국민일보
2021-06-15 06:59:03.833781,"민경욱, 이준석에 ""이 젊은이, 자신이 대통령 된 줄 아는 듯""",https://news.v.daum.net/v/20210615064228778,머니투데이
2021-06-15 06:59:03.833766,곰팡이·바이러스가 뇌 보호벽 뚫는 원리 밝혀냈다,https://news.v.daum.net/v/20210615065750906,아시아경제
2021-06-15 06:29:03.543911,"한경연 ""최저임금 1만원 되면 일자리 30만개 감소""",https://news.v.daum.net/v/20210615060030256,뉴시스
2021-06-15 06:29:03.543905,"""못생겼으면 거울보고 화내지 마라"" 이렇게 美 때린 푸틴",https://news.v.daum.net/v/20210615060159340,중앙일보
2021-06-15 06:29:03.543897,"백신 오접종 불안 커지는데.. 황당한 軍, 장병 6명에 '맹물 백신'",https://news.v.daum.net/v/20210615060601427,세계일보
2021-06-15 06:29:03.543865,출근길 전국에 비 주룩주룩..제주도 시간당 20mm 이상,https://news.v.daum.net/v/20210615062551592,뉴스1
2021-06-15 05:59:03.150409,AZ 접종자는 격리면제 안되는데..벌써 들뜬 항공사들,https://news.v.daum.net/v/20210615053601947,머니투데이
2021-06-15 05:59:03.150404,"아버지뻘 경비원에 ""멍멍 짖어봐""..20대 입주민 수년간 갑질",https://news.v.daum.net/v/20210615054009976,머니투데이
2021-06-15 05:59:03.150397,"나토, 대중 견제 강화한 새 전략개념 추진..'나토 2030'",https://news.v.daum.net/v/20210615054955057,뉴스1
2021-06-15 05:59:03.150377,"""K팝 아시나요?"" 김정숙 여사 질문에 비엔나는 ""BTS!""",https://news.v.daum.net/v/20210615055001059,머니투데이
2021-06-15 05:29:02.829752,정규직전환 勞勞갈등 격화에 건보공단이사장이 단식 농성,https://news.v.daum.net/v/20210615032608848,동아일보
2021-06-15 05:29:02.829747,"文대통령, 35세 오스트리아 총리와 회담 ""동반자 관계""",https://news.v.daum.net/v/20210615051001730,머니투데이
2021-06-15 05:29:02.829740,"나토 ""중국, 국제질서·안보에 도전..동맹, 함께 대처 필요""",https://news.v.daum.net/v/20210615051311765,연합뉴스
2021-06-15 05:29:02.829714,"'쌍방울 vs 성정' 이스타항공 인수전, 새 주인은?",https://news.v.daum.net/v/20210615051500772,머니투데이
2021-06-15 04:59:02.586075,"나토 ""중국, 국제질서·안보에 도전 야기..책임있게 행동해야""",https://news.v.daum.net/v/20210615014140931,연합뉴스
2021-06-15 04:59:02.586069,정규직전환 勞勞갈등 격화에 건보공단이사장이 단식 농성,https://news.v.daum.net/v/20210615032608848,동아일보
2021-06-15 04:59:02.586062,'추경만 100조' 다시 돌아온 홍남기의 시간..넘어야할 난제 셋,https://news.v.daum.net/v/20210615040003048,이데일리
2021-06-15 04:59:02.585966,"文대통령 ""북한이 동의하면 백신공급 적극 추진할 것""",https://news.v.daum.net/v/20210615045001433,머니투데이
2021-06-15 04:29:02.161138,정규직전환 勞勞갈등 격화에 건보공단이사장이 단식 농성,https://news.v.daum.net/v/20210615032608848,동아일보
2021-06-15 04:29:02.161133,'추경만 100조' 다시 돌아온 홍남기의 시간..넘어야할 난제 셋,https://news.v.daum.net/v/20210615040003048,이데일리
2021-06-15 04:29:02.161126,"데뷔일 대전·광주·서울 찍은 이준석.. ""파격, 여의도 표준 돼야""",https://news.v.daum.net/v/20210615040620166,국민일보
2021-06-15 04:29:02.161097,바이든-에르도안 정상회담..러 S-400 논의 진전 없었다,https://news.v.daum.net/v/20210615041743276,뉴스1
2021-06-15 03:59:01.708032,"""한·일 정상회담 日이 일방취소""..15일부터 독도방어훈련",https://news.v.daum.net/v/20210615000506246,이데일리
2021-06-15 03:59:01.708027,"나토 ""중국, 국제질서·안보에 도전 야기..책임있게 행동해야""",https://news.v.daum.net/v/20210615014140931,연합뉴스
2021-06-15 03:59:01.708020,"""기업들 정부 규제개혁 만족도 3년 연속 하락""",https://news.v.daum.net/v/20210615030248580,동아일보
2021-06-15 03:59:01.707995,정규직전환 勞勞갈등 격화에 건보공단이사장이 단식 농성,https://news.v.daum.net/v/20210615032608848,동아일보
2021-06-15 03:29:01.205044,"""한·일 정상회담 日이 일방취소""..15일부터 독도방어훈련",https://news.v.daum.net/v/20210615000506246,이데일리
2021-06-15 03:29:01.205038,"나토 ""중국, 국제질서·안보에 도전 야기..책임있게 행동해야""",https://news.v.daum.net/v/20210615014140931,연합뉴스
2021-06-15 03:29:01.205031,"""기업들 정부 규제개혁 만족도 3년 연속 하락""",https://news.v.daum.net/v/20210615030248580,동아일보
2021-06-15 03:29:01.204999,정규직전환 勞勞갈등 격화에 건보공단이사장이 단식 농성,https://news.v.daum.net/v/20210615032608848,동아일보
2021-06-15 02:59:00.791959,"검찰 이첩 안했는데..공수처, '김학의 사건' 연루 문홍성 입건",https://news.v.daum.net/v/20210614230254650,중앙일보
2021-06-15 02:59:00.791953,"""해커의 로그 기록, 클라우드에 통째로 저장해 해킹 차단""",https://news.v.daum.net/v/20210615000531259,중앙일보
2021-06-15 02:59:00.791947,"나토 ""중국, 국제질서·안보에 도전 야기..책임있게 행동해야""",https://news.v.daum.net/v/20210615014140931,연합뉴스
2021-06-15 02:59:00.791931,"오스트리아 총리 코로나 질문에 文 ""감염병 대응, 국제 매뉴얼 마련해야""",https://news.v.daum.net/v/20210615023739300,뉴스1
2021-06-15 02:29:00.342544,"검찰 이첩 안했는데..공수처, '김학의 사건' 연루 문홍성 입건",https://news.v.daum.net/v/20210614230254650,중앙일보
2021-06-15 02:29:00.342539,"""해커의 로그 기록, 클라우드에 통째로 저장해 해킹 차단""",https://news.v.daum.net/v/20210615000531259,중앙일보
2021-06-15 02:29:00.342533,"나토 ""중국, 국제질서·안보에 도전 야기..책임있게 행동해야""",https://news.v.daum.net/v/20210615014140931,연합뉴스
2021-06-15 02:29:00.342513,"35세 오스트리아 총리 만난 文대통령 ""경제협력 강화""",https://news.v.daum.net/v/20210615020728062,머니투데이
2021-06-15 01:59:00.081647,"검찰 이첩 안했는데..공수처, '김학의 사건' 연루 문홍성 입건",https://news.v.daum.net/v/20210614230254650,중앙일보
2021-06-15 01:59:00.081641,"""해커의 로그 기록, 클라우드에 통째로 저장해 해킹 차단""",https://news.v.daum.net/v/20210615000531259,중앙일보
2021-06-15 01:59:00.081633,"국힘-윤석열, 입당 두고 '신경전' 양상..尹 캠프 메시지 혼선도",https://news.v.daum.net/v/20210615011001723,뉴스1
2021-06-15 01:59:00.081607,"나토 ""중국, 국제질서·안보에 도전 야기..책임있게 행동해야""",https://news.v.daum.net/v/20210615014140931,연합뉴스
2021-06-15 01:28:59.753465,"검찰 이첩 안했는데..공수처, '김학의 사건' 연루 문홍성 입건",https://news.v.daum.net/v/20210614230254650,중앙일보
2021-06-15 01:28:59.753460,"""해커의 로그 기록, 클라우드에 통째로 저장해 해킹 차단""",https://news.v.daum.net/v/20210615000531259,중앙일보
2021-06-15 01:28:59.753454,"나토 ""중국은 '체계적 도전'"" 규정..러시아 견제도 본격화",https://news.v.daum.net/v/20210615010924722,한국일보
2021-06-15 01:28:59.753438,"국힘-윤석열, 입당 두고 '신경전' 양상..尹 캠프 메시지 혼선도",https://news.v.daum.net/v/20210615011001723,뉴스1
2021-06-15 00:58:59.333467,"검찰 이첩 안했는데..공수처, '김학의 사건' 연루 문홍성 입건",https://news.v.daum.net/v/20210614230254650,중앙일보
2021-06-15 00:58:59.333461,"""해커의 로그 기록, 클라우드에 통째로 저장해 해킹 차단""",https://news.v.daum.net/v/20210615000531259,중앙일보
2021-06-15 00:58:59.333454,"나토 정상회의 ""중국은 구조적 도전 야기..책임 있게 행동하라""",https://news.v.daum.net/v/20210615004845636,연합뉴스
2021-06-15 00:58:59.333428,"김정숙 여사 ""K팝 아시죠?"" 비엔나 박물관장 ""BTS 알아요""",https://news.v.daum.net/v/20210615005558662,머니투데이
2021-06-15 00:28:59.007805,"산은, HMM CB 주식 전환..쌍용차는 ""투자자가 결정""",https://news.v.daum.net/v/20210614182932216,뉴시스
2021-06-15 00:28:59.007799,"검찰 이첩 안했는데..공수처, '김학의 사건' 연루 문홍성 입건",https://news.v.daum.net/v/20210614230254650,중앙일보
2021-06-15 00:28:59.007792,정상회담 불발 네탓..한·일 대놓고 비난전,https://news.v.daum.net/v/20210615000350211,중앙일보
2021-06-15 00:28:59.007769,"""K팝 아시죠?"" 김정숙 여사 질문에 ""BTS!""..빈 미술사박물관 웃음꽃",https://news.v.daum.net/v/20210615001641403,뉴스1
2021-06-14 23:58:58.438876,"산은, HMM CB 주식 전환..쌍용차는 ""투자자가 결정""",https://news.v.daum.net/v/20210614182932216,뉴시스
2021-06-14 23:58:58.438870,"""나토, 정상회의 공동성명에 '중국 행동은 구조적 도전' 명시 예정""",https://news.v.daum.net/v/20210614225917610,중앙일보
2021-06-14 23:58:58.438864,"文대통령, 오스트리아 정상회담 ""수소 분야 협력하면 시너지효과""",https://news.v.daum.net/v/20210614230202645,이데일리
2021-06-14 23:58:58.438839,"검찰 이첩 안했는데..공수처, '김학의 사건' 연루 문홍성 입건",https://news.v.daum.net/v/20210614230254650,중앙일보
2021-06-14 23:28:57.977402,"산은, HMM CB 주식 전환..쌍용차는 ""투자자가 결정""",https://news.v.daum.net/v/20210614182932216,뉴시스
2021-06-14 23:28:57.977396,"""나토, 정상회의 공동성명에 '중국 행동은 구조적 도전' 명시 예정""",https://news.v.daum.net/v/20210614225917610,중앙일보
2021-06-14 23:28:57.977387,"文대통령, 오스트리아 정상회담 ""수소 분야 협력하면 시너지효과""",https://news.v.daum.net/v/20210614230202645,이데일리
2021-06-14 23:28:57.977369,"검찰 이첩 안했는데..공수처, '김학의 사건' 연루 문홍성 입건",https://news.v.daum.net/v/20210614230254650,중앙일보
2021-06-14 22:58:57.755896,"산은, HMM CB 주식 전환..쌍용차는 ""투자자가 결정""",https://news.v.daum.net/v/20210614182932216,뉴시스
2021-06-14 22:58:57.755890,"나체로 오피스텔서 숨진 20대..경찰, 친구 2명 구속영장 신청",https://news.v.daum.net/v/20210614214320576,머니투데이
2021-06-14 22:58:57.755884,"""나토, 정상회의 공동성명에 '중국은 구조적 도전' 명시 예정""",https://news.v.daum.net/v/20210614221946140,연합뉴스
2021-06-14 22:58:57.755863,"文대통령, 오스트리아와 '전략적 동반자 관계'..경제협력 도모",https://news.v.daum.net/v/20210614224235434,이데일리
2021-06-14 22:28:57.243441,"산은, HMM CB 주식 전환..쌍용차는 ""투자자가 결정""",https://news.v.daum.net/v/20210614182932216,뉴시스
2021-06-14 22:28:57.243435,"나체로 오피스텔서 숨진 20대..경찰, 친구 2명 구속영장 신청",https://news.v.daum.net/v/20210614214320576,머니투데이
2021-06-14 22:28:57.243429,"권익위 ""국힘 정보활용 동의서 안내""..국힘 ""제공하기로 이미 논의""",https://news.v.daum.net/v/20210614220351962,뉴스1
2021-06-14 22:28:57.243394,"""나토, 정상회의 공동성명에 '중국은 구조적 도전' 명시 예정""",https://news.v.daum.net/v/20210614221946140,연합뉴스
2021-06-14 21:58:56.676730,"산은, HMM CB 주식 전환..쌍용차는 ""투자자가 결정""",https://news.v.daum.net/v/20210614182932216,뉴시스
2021-06-14 21:58:56.676727,"SIPRI ""북, 핵탄두 40~50개 보유..작년보다 10개 증가""",https://news.v.daum.net/v/20210614213300466,SBS
2021-06-14 21:58:56.676722,"나체로 오피스텔서 숨진 20대..경찰, 친구 2명 구속영장 신청",https://news.v.daum.net/v/20210614214320576,머니투데이
2021-06-14 21:58:56.676694,"韓-오스트리아 전략적 동반자관계로..文 ""한반도 비핵화 지속 관심 요청""",https://news.v.daum.net/v/20210614214800647,노컷뉴스
2021-06-14 21:28:55.532834,"""김학의 수사팀 이해충돌"" 언급한 박범계..인사 예고?",https://news.v.daum.net/v/20210614162325296,뉴시스
2021-06-14 21:28:55.532830,"산은, HMM CB 주식 전환..쌍용차는 ""투자자가 결정""",https://news.v.daum.net/v/20210614182932216,뉴시스
2021-06-14 21:28:55.532825,"바이든 ""중국은 새로운 도전""..나토 집단방위 원칙 재확인",https://news.v.daum.net/v/20210614203921619,중앙일보
2021-06-14 21:28:55.532801,"文, 이준석보다 한살어린 오스트리아 총리와 회담 ""동반자 관계""",https://news.v.daum.net/v/20210614211403203,머니투데이
2021-06-14 20:58:53.442434,"산은, HMM CB 주식 전환..쌍용차는 ""투자자가 결정""",https://news.v.daum.net/v/20210614182932216,뉴시스
2021-06-14 20:58:53.442431,"'붕괴 참사'에 조폭 출신 개입?..""현 조합장과 친분""",https://news.v.daum.net/v/20210614202138399,MBC
2021-06-14 20:58:53.442427,"바이든 ""중국은 새로운 도전""..나토 집단방위 원칙 재확인",https://news.v.daum.net/v/20210614203921619,중앙일보
2021-06-14 20:58:53.442400,"문대통령, '35세' 오스트리아 총리와 정상회담..'전략 동반자관계' 격상",https://news.v.daum.net/v/20210614205320856,뉴스1
2021-06-14 20:28:52.676278,"산은, HMM CB 주식 전환..쌍용차는 ""투자자가 결정""",https://news.v.daum.net/v/20210614182932216,뉴시스
2021-06-14 20:28:52.676273,"바이든, 나토 집단방위 원칙 재확인..""중국은 새로운 도전""",https://news.v.daum.net/v/20210614200036110,연합뉴스
2021-06-14 20:28:52.676269,"'붕괴 참사'에 조폭 출신 개입?..""현 조합장과 친분""",https://news.v.daum.net/v/20210614202138399,MBC
2021-06-14 20:28:52.676249,"민주당에서 나온 '이준석 따릉이' 비판..""나도 탔다"" ""걸어도 되는 거리 아니냐""",https://news.v.daum.net/v/20210614202328415,경향신문
2021-06-14 19:58:51.936969,"나토, 대중 압박 강화할 듯..""안보 도전에 함께 대처해야""",https://news.v.daum.net/v/20210614182147031,연합뉴스
2021-06-14 19:58:51.936966,"산은, HMM CB 주식 전환..쌍용차는 ""투자자가 결정""",https://news.v.daum.net/v/20210614182932216,뉴시스
2021-06-14 19:58:51.936961,"이준석의 파격행보, 정치권 새바람",https://news.v.daum.net/v/20210614194623822,디지털타임스
2021-06-14 19:58:51.936942,"세월호 특검팀, 대검 압수수색.. 디지털증거관리 서버 자료 확보",https://news.v.daum.net/v/20210614194935890,세계일보
2021-06-14 19:28:51.338176,"나토, 대중 압박 강화할 듯..""안보 도전에 함께 대처해야""",https://news.v.daum.net/v/20210614182147031,연합뉴스
2021-06-14 19:28:51.338171,"산은, HMM CB 주식 전환..쌍용차는 ""투자자가 결정""",https://news.v.daum.net/v/20210614182932216,뉴시스
2021-06-14 19:28:51.338164,"""철거현장 3회 직접 불시 점검"".. 감리자 책임도 강화한다",https://news.v.daum.net/v/20210614185349799,세계일보
2021-06-14 19:28:51.338140,약식 정상회담 합의하고도 日 '독도훈련' 핑계로 끝내 외면,https://news.v.daum.net/v/20210614192049375,KBS
2021-06-14 18:58:50.913414,"나토, 대중 압박 강화할 듯..""안보 도전에 함께 대처해야""",https://news.v.daum.net/v/20210614182147031,연합뉴스
2021-06-14 18:58:50.913408,"산은, HMM CB 주식 전환..쌍용차는 ""투자자가 결정""",https://news.v.daum.net/v/20210614182932216,뉴시스
2021-06-14 18:58:50.913402,"""철거현장 3회 직접 불시 점검"".. 감리자 책임도 강화한다",https://news.v.daum.net/v/20210614185349799,세계일보
2021-06-14 18:58:50.913382,"'尹 국민의힘 입당' 줄다리기 지속.. ""모든 선택 열려 있어""",https://news.v.daum.net/v/20210614185747892,세계일보
2021-06-14 18:28:50.339018,"세월호 유족, 내일 특검 만난다..""그간 수사상황 공유""",https://news.v.daum.net/v/20210614175217084,뉴시스
2021-06-14 18:28:50.339013,"이동걸 ""HMM 3000억 CB, 주식전환 당연..안 하면 배임""",https://news.v.daum.net/v/20210614181543773,뉴스1
2021-06-14 18:28:50.339006,"나토, 대중 압박 강화할 듯..""안보 도전에 함께 대처해야""",https://news.v.daum.net/v/20210614182147031,연합뉴스
2021-06-14 18:28:50.338979,"'합당의 기억' 서로 다른 국민의힘과 국민의당, 통합 논의 어떻게",https://news.v.daum.net/v/20210614182618152,경향신문
2021-06-14 17:58:49.886575,"이준석 ""수술실 CCTV, 의료행위 소극적으로 임하게 할 수도..설치 목적 동의하지만 사회적 추가 논의 필요""",https://news.v.daum.net/v/20210614151645585,KBS
2021-06-14 17:58:49.886565,내달 6일부터 착오송금 반환 지원..얼마까지 가능,https://news.v.daum.net/v/20210614160726631,뉴시스
2021-06-14 17:58:49.886545,"세월호 유족, 내일 특검 만난다..""그간 수사상황 공유""",https://news.v.daum.net/v/20210614175217084,뉴시스
2021-06-14 17:58:49.886350,日 '독도방어훈련 빌미 한일 정상회담 일방 취소' 부인,https://news.v.daum.net/v/20210614175418154,연합뉴스
2021-06-14 17:28:49.628792,내달 6일부터 착오송금 반환 지원..얼마까지 가능,https://news.v.daum.net/v/20210614160726631,뉴시스
2021-06-14 17:28:49.628789,"오세훈 ""해체공사 잘못된 관행 도려낼 것""..상시감리 위반시 처벌",https://news.v.daum.net/v/20210614170304595,뉴시스
2021-06-14 17:28:49.628784,"한-일 약식회담 거부, '외교 문외한' 스가 총리에게 부메랑 되나",https://news.v.daum.net/v/20210614172605248,한겨레
2021-06-14 17:28:49.628754,한일 정상회담 피하는 日스가..기존 입장서 '요지부동',https://news.v.daum.net/v/20210614172735317,연합뉴스
2021-06-14 16:58:48.823321,내달 6일부터 착오송금 반환 지원..얼마까지 가능,https://news.v.daum.net/v/20210614160726631,뉴시스
2021-06-14 16:58:48.823315,"G7 ""도쿄올림픽 지지""에 힘받은 스가..無관중도 없던일로?",https://news.v.daum.net/v/20210614163447664,이데일리
2021-06-14 16:58:48.823309,이준석호 출범에 野 대선구도 활기..당 안팎주자 잰걸음,https://news.v.daum.net/v/20210614164745081,뉴스1
2021-06-14 16:58:48.823282,"'靑 기획사정' 의혹 이규원, 공수처 이어 검찰 소환조사",https://news.v.daum.net/v/20210614165029195,중앙일보
2021-06-14 16:28:48.228072,내달 6일부터 착오송금 반환 지원..얼마까지 가능,https://news.v.daum.net/v/20210614160726631,뉴시스
2021-06-14 16:28:48.228066,"""땡큐, 판사님""..미국 체류하며 입영 피한 40대에 집유",https://news.v.daum.net/v/20210614162249274,연합뉴스
2021-06-14 16:28:48.228060,"중국, G7 공동성명에 조목조목 반박..""정치적 농간, 내정간섭""",https://news.v.daum.net/v/20210614162417331,머니투데이
2021-06-14 16:28:48.228031,"''차기 독주' 尹, 대선버스 8월 출발론에 ""모든 선택 열려있다""",https://news.v.daum.net/v/20210614162448339,이데일리
2021-06-14 15:58:47.495325,'빅 블러'는 자동차 산업을 어떻게 바꿀까,https://news.v.daum.net/v/20210614151137405,경향신문
2021-06-14 15:58:47.495322,"日 스가, 한일 약식회담 일방 취소해놓고 ""文이 징용·위안부 해결책 제시하라""",https://news.v.daum.net/v/20210614154834841,세계일보
2021-06-14 15:58:47.495317,"英여왕 만난 바이든 ""여왕, 어머니 같았다""",https://news.v.daum.net/v/20210614155347033,국민일보
2021-06-14 15:58:47.495293,"해외 체류로 군대 피한 40대 '집유' 판결에 ""땡큐""..法 ""병역법 위반 지식 부족""",https://news.v.daum.net/v/20210614155418068,세계일보
2021-06-14 15:28:46.926212,"오세훈 ""시민의 생명과 안전을 견고하게 지킬 '매뉴얼 서울' 만들겠다""",https://news.v.daum.net/v/20210614145720796,세계일보
2021-06-14 15:28:46.926207,아내만 38명..'세계 최대 가족' 거느린 印 남성 76세로 사망,https://news.v.daum.net/v/20210614151059379,아시아경제
2021-06-14 15:28:46.926195,'빅 블러'는 자동차 산업을 어떻게 바꿀까,https://news.v.daum.net/v/20210614151137405,경향신문
2021-06-14 15:28:46.925367,"文 ""아쉽다"" 스가 ""그 환경 아냐""..독도·과거사 日의 불통",https://news.v.daum.net/v/20210614152431852,머니투데이
2021-06-14 14:58:46.474747,"첫 최고위 회의 연 이준석 ""우리의 파격, 여의도 새 표준 돼야""",https://news.v.daum.net/v/20210614143320597,이데일리
2021-06-14 14:58:46.474743,"하이트진로 박문덕 회장, '친족회사 누락' 검찰 고발 당해",https://news.v.daum.net/v/20210614144644262,경향신문
2021-06-14 14:58:46.474739,"엘리자베스 여왕 만난 바이든 ""여왕, 시진핑·푸틴에 대해 알고 싶어해""",https://news.v.daum.net/v/20210614145346601,동아일보
2021-06-14 14:58:46.474711,"김창룡 경찰청장 ""'이용구 사건' 담당 지휘라인이 더 문제""",https://news.v.daum.net/v/20210614145403619,한국경제
2021-06-14 14:28:45.709323,"'광주 붕괴사고' 분향소 간 이준석 ""수사력 총동원해 책임자 가려야""",https://news.v.daum.net/v/20210614140528253,이데일리
2021-06-14 14:28:45.709318,자율주행차 연 40%씩 성장하는데..사고 나면 누구 책임이죠?,https://news.v.daum.net/v/20210614141933914,머니투데이
2021-06-14 14:28:45.709312,"스가, 문대통령 대면 후 ""징용·위안부 문제 정리해주길 바래""",https://news.v.daum.net/v/20210614142130037,연합뉴스
2021-06-14 14:28:45.709287,"검찰, 이규원 검사 첫 소환..'과거사 조사단 의혹' 수사",https://news.v.daum.net/v/20210614142534200,뉴시스
2021-06-14 13:58:45.137030,"스가 ""문 대통령이 인사하러 와서, 실례 안 되게 인사한 것""",https://news.v.daum.net/v/20210614125602316,한겨레
2021-06-14 13:58:45.137024,"""중견기업 ESG 경영, 제도적 인센티브 뒷받침 돼야""",https://news.v.daum.net/v/20210614125903376,전자신문
2021-06-14 13:58:45.137018,경찰 출신 변호사 '사적접촉 금지' 기간 5년으로 확대,https://news.v.daum.net/v/20210614134613589,한겨레
2021-06-14 13:58:45.136995,'약식' 한일정상회담 합의됐지만 日 일방적 취소..독도훈련 탓,https://news.v.daum.net/v/20210614135313779,뉴스1